[{"model": "contenttypes.contenttype", "fields": {"app_label": "admin", "model": "logentry"}}, {"model": "contenttypes.contenttype", "fields": {"app_label": "auth", "model": "permission"}}, {"model": "contenttypes.contenttype", "fields": {"app_label": "auth", "model": "group"}}, {"model": "contenttypes.contenttype", "fields": {"app_label": "auth", "model": "user"}}, {"model": "contenttypes.contenttype", "fields": {"app_label": "contenttypes", "model": "contenttype"}}, {"model": "contenttypes.contenttype", "fields": {"app_label": "sessions", "model": "session"}}, {"model": "contenttypes.contenttype", "fields": {"app_label": "cars", "model": "brand"}}, {"model": "contenttypes.contenttype", "fields": {"app_label": "cars", "model": "car"}}, {"model": "contenttypes.contenttype", "fields": {"app_label": "cars", "model": "carinventory"}}, {"model": "sessions.session", "pk": "0r5c3o24vno65wr9ul607p656ds9zcdn", "fields": {"session_data": ".eJxVjEEOgjAQRe_StWmkdGhx6Z4zkN-ZjqAGEgor492VhIVu_3vvv0yPbR36reSlH8VcjDOn3y2BH3nagdwx3WbL87QuY7K7Yg9abDdLfl4P9-9gQBm-tdYhoeEWKSBxEBZWPQcmINRt21AVHYQoKxxFUnWxiprEQ3xkePP-ACR1OV4:1qyj6W:PkN9Sy8I_cSEt1Mwl8ZF3iK3m4KxVEvATJM6T0xcISM", "expire_date": "2023-11-17T01:36:08.116Z"}}, {"model": "sessions.session", "pk": "ci2h6206y51kpi38n4d2g6r6bomgb3ro", "fields": {"session_data": ".eJxVjEEOgjAQRe_StWmkdGhx6Z4zkN-ZjqAGEgor492VhIVu_3vvv0yPbR36reSlH8VcjDOn3y2BH3nagdwx3WbL87QuY7K7Yg9abDdLfl4P9-9gQBm-tdYhoeEWKSBxEBZWPQcmINRt21AVHYQoKxxFUnWxiprEQ3xkePP-ACR1OV4:1qyiHr:mSvPkEBzaI-rlWwJgHaYsedkaBWHIoTJdk_yHdSw-H8", "expire_date": "2023-11-17T00:43:47.183Z"}}, {"model": "sessions.session", "pk": "ep9uxqa2w76rsg2yhf4jj1w5owgd8wv0", "fields": {"session_data": ".eJxVjDsOwjAQBe_iGln2-ruU9JzB8m9xADlSnFSIu0OkFNC-mXkvFuK2trCNuoSpsDOT7PS7pZgfte-g3GO_zTzPfV2mxHeFH3Tw61zq83K4fwctjvatwUGB5GRGjcoaRd4KCzkWU52PWWlEBZ6SIe8EVQ0IUqCwxhNkQZa9P7xUNss:1qpgjO:0sHDjHXlveGcwCszjiaEO9Y9QXsDzu5A-fe_GQ7Q46g", "expire_date": "2023-10-23T03:14:54.136Z"}}, {"model": "sessions.session", "pk": "picqan4313dq4iq96d9jbnniiqwm395y", "fields": {"session_data": ".eJxVjEEOgjAQRe_StWmkdGhx6Z4zkN-ZjqAGEgor492VhIVu_3vvv0yPbR36reSlH8VcjDOn3y2BH3nagdwx3WbL87QuY7K7Yg9abDdLfl4P9-9gQBm-tdYhoeEWKSBxEBZWPQcmINRt21AVHYQoKxxFUnWxiprEQ3xkePP-ACR1OV4:1qtraT:8tKjokftmnKuIGQ82uh3RiI9y4h0VOjckYP5SgNAI9s", "expire_date": "2023-11-03T15:38:57.983Z"}}, {"model": "cars.brand", "pk": 1, "fields": {"name": "FIAT"}}, {"model": "cars.brand", "pk": 2, "fields": {"name": "VOLVO"}}, {"model": "cars.brand", "pk": 3, "fields": {"name": "VW"}}, {"model": "cars.brand", "pk": 4, "fields": {"name": "HONDA"}}, {"model": "cars.brand", "pk": 5, "fields": {"name": "HYUNDAI"}}, {"model": "cars.brand", "pk": 6, "fields": {"name": "MERCEDES BENZ"}}, {"model": "cars.brand", "pk": 7, "fields": {"name": "GM"}}, {"model": "cars.brand", "pk": 8, "fields": {"name": "RENAULT"}}, {"model": "cars.brand", "pk": 9, "fields": {"name": "ASTON MARTIN"}}, {"model": "cars.brand", "pk": 10, "fields": {"name": "BMW"}}, {"model": "cars.brand", "pk": 11, "fields": {"name": "AUDI"}}, {"model": "cars.car", "pk": 3, "fields": {"brand_id": 2, "model": "XC60", "factory_year": 2023, "model_year": 2023, "value": 350000.0, "plate": "AXC6A60", "photo": "cars/xc60.jpeg", "description": "\n\nO Volvo XC60 2023 é a última geração de uma das marcas automobilísticas mais importantes. Oferece segurança e conforto excepcionais. Com um motor de 263 cv e tração integral, desempenho, economia e presença são as melhores características deste modelo. Conta com segurança avançada, equipada com a assistente de motorista com recursos de krebs, arame e retrovisão estendida. Além disso, vem equipada com um interior luxuoso e conectado, embalado em couro combinado com estofado natural para proporcionar o melhor conforto do usuário. O cenário perfeito."}}, {"model": "cars.car", "pk": 4, "fields": {"brand_id": 5, "model": "CRETA", "factory_year": 2021, "model_year": 2021, "value": 115000.0, "plate": "HYU4D21", "photo": "cars/creta.jpeg", "description": "\n\nO Hyundai Creta 2021 é o carro ideal para quem busca uma experiência de condução única. Seu design moderno e robusto com LED brilhantes e novas rodas dão uma aparência atraente. Sua tecnologia de segurança avançada, motor turbo e ar condicionado dual-zone são algumas das razões pelas quais é considerado um dos melhores carros da sua classe. Além disso, seu interior oferece espaço de sobra, um moderno sistema de som e comandos de voz inteligentes. Com tudo isso, o Hyundai Creta 2021 é o carro para quem busca o melhor em qualidade, performance e estilo."}}, {"model": "cars.car", "pk": 5, "fields": {"brand_id": 6, "model": "GLE 400", "factory_year": 2023, "model_year": 2023, "value": 776900.0, "plate": "RHT4A54", "photo": "cars/Mercedes-Benz-GLE-400.jpg", "description": " \n\nO Mercedes Benz GLE 400 2023 é um SUV robusto e luxuoso. Oferece desempenho superior com uma configuração de motor de 3.0L V6 de 362HP e 384 lb-ft de torque, tecnologia de exibição dual 12.3'' HD com MBUX, assentos dianteiros elétricos, volante aquecido em couro Nappa, direção dinâmica multimodal, teto panorâmico e ancoragem ISOFIX para crianças. Aproveite a experiência completa de condução com modernos recursos de segurança."}}, {"model": "cars.car", "pk": 7, "fields": {"brand_id": 5, "model": "TUCSON", "factory_year": 2023, "model_year": 2023, "value": 194990.0, "plate": "RHT4A54", "photo": "cars/tucson_Z4brVY7.jpg", "description": "\n\nO Hyundai Tucson 2023 oferece uma combinação única de estilo, luxo e desempenho. Com camada de zinco galvanizada e aumento de resistência ao desgaste, tem 5 modos de direção selecionáveis adaptando a sua condução. Oferta inclusão Hill-start Assist Control e Blind-Spot Collision Warning para maior segurança no trânsito e vista total de todos os lados. Um carro cuidado para todos os tipos de lifestyle."}}, {"model": "cars.car", "pk": 27, "fields": {"brand_id": 4, "model": "CRV", "factory_year": 2023, "model_year": 2023, "value": 20000.0, "plate": "RHT4A54", "photo": "cars/CRV_XW17th6.jpg", "description": "\n\nO novo Honda CRV 2023 traz excelente performance, segurança e versatilidade! O seu novo motor de 2.4L Turbo GDI fornece rápido aceleração, enquanto a sua versão híbrida melhora ainda mais a economia de combustível. O sistema de direção é preciso e o design moderno oferece conforto para todos os passageiros. Não há dúvida que o Honda CRV 2023 é a escolha certa para quem deseja um carro moderno, seguro e versátil."}}, {"model": "cars.car", "pk": 28, "fields": {"brand_id": 3, "model": "VIRTUS", "factory_year": 2023, "model_year": 2023, "value": 147790.0, "plate": "RHT4A54", "photo": "cars/virtus_ROGVIz0.jpg", "description": "\n\nO VW Virtus 2023 vem cheio de tecnologia para tornar a experiência de direção mais segura, divertida e conectada. Equipado com um moderno interior, traz consigo acabamentos em couro, direção elétrica, motor 1.6 turbo a gasolina, painel digital em tela sensível ao toque e sistema de entretenimento com Android Auto e Apple CarPlay. Além disso, conta com todas as tecnologias de segurança que a marca oferece. Venha se surpreender e experimente o novo VW Virtus 2023!"}}, {"model": "cars.car", "pk": 29, "fields": {"brand_id": 3, "model": "ID 4", "factory_year": 2023, "model_year": 2023, "value": 560000.0, "plate": "RHT4A54", "photo": "cars/ID4.jpg", "description": "\n\nO VW ID 4 traz o que há de mais moderno no mundo de carros elétricos. Para 2023, o ID 4 conta com design intemporal, interior aconchegante e potência de performance. Este carro oferece uma autonomia elétrica de até 500km, além do sistema de regeneração de energia, permitindo a recuperaçãoda bateria quando freia ou desce ladeiras. Seu estilo único e a mais avançada tecnologia, fazem do VW ID 4 a sua melhor escolha!"}}, {"model": "cars.car", "pk": 31, "fields": {"brand_id": 3, "model": "VOYAGE", "factory_year": 2021, "model_year": 2021, "value": 89950.0, "plate": "ATQ5D38", "photo": "cars/voyage.jpg", "description": "\n\nO Volkswagen Voyage 2021 é o veículo ideal para quem precisa de espaço e conforto, com um design moderno e equipamentos de última geração. O carro conta com itens como ar-condicionado, direção elétrica, 6 airbags, alarmes de segurança e a tecnologia App Connect, que permite a interação com smartphones e aplicativos. Além disso, possui motor 1.6, de 116 cv de potência e 15,5 kgfm de torque. Um carro moderno, seguro e cheio de tecnologia para o bem-estar de todos."}}, {"model": "cars.car", "pk": 33, "fields": {"brand_id": 7, "model": "S10", "factory_year": 2023, "model_year": 2023, "value": 299990.0, "plate": "GMC0S10", "photo": "cars/S10_FjMuoq5.png", "description": "\n\nO GM S10 2023 é o veículo ideal para qualquer estilo de vida. Possui bons resultados de desempenho, design moderno, motor incrível e alto nível de segurança. O interior oferece conforto, conectividade avançada, tecnologia sem fio e o melhor sistema de infotainment disponível. Os recursos modernos e luxuosos, como ar-condicionado automático, controle de cruzeiro, teto solar elétrico e vidros de segurança, completam a experiência. Seja para trabalho ou diversão, o GM S10 tem o que você precisa."}}, {"model": "cars.car", "pk": 34, "fields": {"brand_id": 6, "model": "CLA 200", "factory_year": 2023, "model_year": 2023, "value": 274900.0, "plate": "RHT4A54", "photo": "cars/mercedes_cla_200_9ttW79p_Oon2ysp.jpg", "description": "O Mercedes Benz CLA 200 2023 impressiona com seu design atraente, interior luxuoso, motorização turbo 1.3L, 144 cavalos de potência e transmissão 9G-Tronic com kit automático de seis velocidades. Ele tem Smart Key, sistema de som surround e câmera de estacionamento 360° para uma condução eficiente e segura. Seu contorno aerodinâmico, faróis full LED, interior amplo, banco de couro e funções tecnológicas, tudo isso garante que você chegue ao seu destino com estilo. Além disso, a conectividade Apple CarPlay torna a experiência do usuário ainda melhor. Com o CLA 200 2023, a Mercedes Benz trouxe guarantida uma experiência de direção superior e luxuosa."}}, {"model": "cars.car", "pk": 36, "fields": {"brand_id": 4, "model": "HRV", "factory_year": 2021, "model_year": 2021, "value": 129990.0, "plate": "RHT4A54", "photo": "cars/hrv_9SFu3EE.jpg", "description": "\nO Honda HR-V 2021 é o carro ideal para quem exige qualidade, conforto e segurança. Com sua moderna cabine espaçosa e recursos inteligentes de segurança avanços, oferece economia eficiente de combustível, sofisticação de design moderno, excepcional estabilidade, assistência de condução inteligente e tecnologia de última geração. Assegure a si mesmo e aos outros usando os recursos de segurança avançada para dirigir mais com cuidado que nunca."}}, {"model": "cars.car", "pk": 37, "fields": {"brand_id": 2, "model": "EX30", "factory_year": 2023, "model_year": 2023, "value": 219900.0, "plate": "RHT4A54", "photo": "cars/ex30_nBJptqW.jpg", "description": "\n\nO {model} {brand_id} {year} é um carro único com muitas características exclusivas. O design exterior do carro é moderno e esportivo, com uma luz diurna LED de alto brilho, faróis que aumentam a visibilidade e faróis traseiros de LED. O interior oferece luxo, tecnologia de última geração, incluindo conectividade Wi-Fi e Bluetooth, uma tela sensível ao toque de 7 polegadas com navegação intuitiva, e assentos elegantes e confortáveis. O carro tem motor com baixa manutenção e bom desempenho, incluindo recursos como Start/Stop, modo eco e motor turbo. É a escolha certa para quem quer luxo, esportividade e conforto."}}, {"model": "cars.car", "pk": 38, "fields": {"brand_id": 6, "model": "GLA 250", "factory_year": 2022, "model_year": 2022, "value": 333900.0, "plate": "GLA2S00", "photo": "cars/mercedes-benz-gla-250_CEBRRGx.jpg", "description": "\nO Mercedes Benz GLA 250 2022 oferece desempenho de luxo e versatilidade incríveis. O motor turbo de 2,0 litros entrega 306 hp para aceleração devoradora. Além disso, tem um interior refinado, com toques especiais de ambiente e experiência tecnológica avançada. Não perca a chance de ter esse carro excepcional."}}, {"model": "cars.car", "pk": 39, "fields": {"brand_id": 9, "model": "DBS 770", "factory_year": 2023, "model_year": 2023, "value": 1772000.0, "plate": "RHT4A54", "photo": "cars/aston-martin-dbs-770.jpg", "description": "Este icônico Aston Martin DBS 770 2023 tem um design atemporal, equipado com uma potência de 6.0L V12, tecnologia Twin Injection, transmissão automática de 10 velocidades e suspensão adaptativa, oferecendo uma combinação de luxo, estilo e potência incrível. Com seu interior modernizado e amplo espaço para 5 passageiros, o carro é a escolha certa para aqueles que são exigentes em qualidade, performance e estilo."}}, {"model": "cars.car", "pk": 40, "fields": {"brand_id": 10, "model": "X6", "factory_year": 2023, "model_year": 2023, "value": 812950.0, "plate": "BMW6X66", "photo": "cars/bmw-x6.jpg", "description": "Experimente a luxuosa aventura do SUV BMW X6 2023. Impulsione-se em um veículo moderno e ousado, equipado com o mais recente motor BMW TwinPower Turbo. Desfrute de um design dinâmico e expressivo, equipado com as mais recentes tecnologias de inteligência artificial. Dirija-se com conforto e segurança, sem sacrifício de performance graças ao tempestuoso sistema de suspensão adaptativa. Monte a bordo e aproveite a melhor aventura."}}, {"model": "cars.car", "pk": 41, "fields": {"brand_id": 11, "model": "Q8", "factory_year": 2023, "model_year": 2023, "value": 711990.0, "plate": "AUD8Q80", "photo": "cars/audi-q8.jpg", "description": "O Audi Q8 2023 é o carro ideal para você que busca qualidade e sofisticação. Ele possui design moderno e poderoso, robusto mas leve. Além disso, seu motor de 360cv e 530Nm oferece torque e velocidade incomparáveis. O sistema de infotainment torna seus cuidados na estrada uma experiência aprimorada. O alcance de até 50km com carga elétrica e seu grande espaço interno fazem dele um ótimo carro para quem procura estilo e praticidade."}}, {"model": "cars.carinventory", "pk": 1, "fields": {"cars_count": 13, "cars_value": 3419420.0, "created_at": "2023-10-31T04:08:45.313Z"}}, {"model": "cars.carinventory", "pk": 2, "fields": {"cars_count": 13, "cars_value": 3419420.0, "created_at": "2023-10-31T04:09:11.576Z"}}, {"model": "cars.carinventory", "pk": 3, "fields": {"cars_count": 12, "cars_value": 3247420.0, "created_at": "2023-10-31T04:10:01.518Z"}}, {"model": "cars.carinventory", "pk": 4, "fields": {"cars_count": 13, "cars_value": 3522320.0, "created_at": "2023-10-31T04:13:35.745Z"}}, {"model": "cars.carinventory", "pk": 5, "fields": {"cars_count": 13, "cars_value": 3522320.0, "created_at": "2023-10-31T04:13:52.959Z"}}, {"model": "cars.carinventory", "pk": 6, "fields": {"cars_count": 13, "cars_value": 3522320.0, "created_at": "2023-10-31T04:14:15.676Z"}}, {"model": "cars.carinventory", "pk": 7, "fields": {"cars_count": 13, "cars_value": 3522320.0, "created_at": "2023-10-31T04:15:28.999Z"}}, {"model": "cars.carinventory", "pk": 8, "fields": {"cars_count": 13, "cars_value": 3522320.0, "created_at": "2023-10-31T04:15:38.156Z"}}, {"model": "cars.carinventory", "pk": 9, "fields": {"cars_count": 13, "cars_value": 3522320.0, "created_at": "2023-10-31T04:24:45.896Z"}}, {"model": "cars.carinventory", "pk": 10, "fields": {"cars_count": 13, "cars_value": 3522320.0, "created_at": "2023-10-31T04:25:55.778Z"}}, {"model": "cars.carinventory", "pk": 11, "fields": {"cars_count": 14, "cars_value": 3802220.0, "created_at": "2023-10-31T04:43:15.967Z"}}, {"model": "cars.carinventory", "pk": 12, "fields": {"cars_count": 13, "cars_value": 3522320.0, "created_at": "2023-10-31T05:02:49.245Z"}}, {"model": "cars.carinventory", "pk": 13, "fields": {"cars_count": 12, "cars_value": 3382420.0, "created_at": "2023-11-01T14:38:33.746Z"}}, {"model": "cars.carinventory", "pk": 14, "fields": {"cars_count": 13, "cars_value": 3512410.0, "created_at": "2023-11-01T14:39:56.956Z"}}, {"model": "cars.carinventory", "pk": 15, "fields": {"cars_count": 12, "cars_value": 3293410.0, "created_at": "2023-11-01T20:56:27.200Z"}}, {"model": "cars.carinventory", "pk": 16, "fields": {"cars_count": 13, "cars_value": 3513310.0, "created_at": "2023-11-01T20:59:50.981Z"}}, {"model": "cars.carinventory", "pk": 17, "fields": {"cars_count": 12, "cars_value": 3179410.0, "created_at": "2023-11-01T21:00:22.727Z"}}, {"model": "cars.carinventory", "pk": 18, "fields": {"cars_count": 13, "cars_value": 3513310.0, "created_at": "2023-11-01T21:04:45.070Z"}}, {"model": "cars.carinventory", "pk": 19, "fields": {"cars_count": 13, "cars_value": 3513310.0, "created_at": "2023-11-01T21:05:53.569Z"}}, {"model": "cars.carinventory", "pk": 20, "fields": {"cars_count": 13, "cars_value": 3513310.0, "created_at": "2023-11-01T21:11:47.823Z"}}, {"model": "cars.carinventory", "pk": 21, "fields": {"cars_count": 13, "cars_value": 3513310.0, "created_at": "2023-11-01T21:16:15.496Z"}}, {"model": "cars.carinventory", "pk": 22, "fields": {"cars_count": 13, "cars_value": 3513310.0, "created_at": "2023-11-01T21:16:52.929Z"}}, {"model": "cars.carinventory", "pk": 23, "fields": {"cars_count": 13, "cars_value": 3513310.0, "created_at": "2023-11-02T17:59:46.994Z"}}, {"model": "cars.carinventory", "pk": 24, "fields": {"cars_count": 13, "cars_value": 3513310.0, "created_at": "2023-11-02T18:02:01.022Z"}}, {"model": "cars.carinventory", "pk": 25, "fields": {"cars_count": 13, "cars_value": 3513310.0, "created_at": "2023-11-02T18:02:40.296Z"}}, {"model": "cars.carinventory", "pk": 26, "fields": {"cars_count": 13, "cars_value": 3513310.0, "created_at": "2023-11-02T18:03:09.795Z"}}, {"model": "cars.carinventory", "pk": 27, "fields": {"cars_count": 13, "cars_value": 3513310.0, "created_at": "2023-11-02T18:03:35.793Z"}}, {"model": "cars.carinventory", "pk": 28, "fields": {"cars_count": 13, "cars_value": 3513310.0, "created_at": "2023-11-02T18:04:07.425Z"}}, {"model": "cars.carinventory", "pk": 29, "fields": {"cars_count": 13, "cars_value": 3513310.0, "created_at": "2023-11-02T18:04:22.709Z"}}, {"model": "cars.carinventory", "pk": 30, "fields": {"cars_count": 13, "cars_value": 3513310.0, "created_at": "2023-11-02T18:04:52.941Z"}}, {"model": "cars.carinventory", "pk": 31, "fields": {"cars_count": 14, "cars_value": 5285310.0, "created_at": "2023-11-02T18:10:01.278Z"}}, {"model": "cars.carinventory", "pk": 32, "fields": {"cars_count": 14, "cars_value": 5285310.0, "created_at": "2023-11-02T18:10:55.110Z"}}, {"model": "cars.carinventory", "pk": 33, "fields": {"cars_count": 14, "cars_value": 5285310.0, "created_at": "2023-11-02T18:18:27.544Z"}}, {"model": "cars.carinventory", "pk": 34, "fields": {"cars_count": 14, "cars_value": 5285310.0, "created_at": "2023-11-02T18:18:59.726Z"}}, {"model": "cars.carinventory", "pk": 35, "fields": {"cars_count": 14, "cars_value": 5285310.0, "created_at": "2023-11-02T18:19:23.668Z"}}, {"model": "cars.carinventory", "pk": 36, "fields": {"cars_count": 14, "cars_value": 5285310.0, "created_at": "2023-11-02T18:20:07.658Z"}}, {"model": "cars.carinventory", "pk": 37, "fields": {"cars_count": 14, "cars_value": 5285310.0, "created_at": "2023-11-02T18:20:37.689Z"}}, {"model": "cars.carinventory", "pk": 38, "fields": {"cars_count": 14, "cars_value": 5285310.0, "created_at": "2023-11-02T18:21:03.897Z"}}, {"model": "cars.carinventory", "pk": 39, "fields": {"cars_count": 14, "cars_value": 5285310.0, "created_at": "2023-11-02T18:22:06.813Z"}}, {"model": "cars.carinventory", "pk": 40, "fields": {"cars_count": 15, "cars_value": 6098260.0, "created_at": "2023-11-03T00:10:27.557Z"}}, {"model": "cars.carinventory", "pk": 41, "fields": {"cars_count": 15, "cars_value": 6098260.0, "created_at": "2023-11-03T00:11:38.621Z"}}, {"model": "cars.carinventory", "pk": 42, "fields": {"cars_count": 15, "cars_value": 6098260.0, "created_at": "2023-11-03T00:11:56.611Z"}}, {"model": "cars.carinventory", "pk": 43, "fields": {"cars_count": 16, "cars_value": 6810250.0, "created_at": "2023-11-03T00:17:09.867Z"}}, {"model": "cars.carinventory", "pk": 44, "fields": {"cars_count": 16, "cars_value": 6810250.0, "created_at": "2023-11-03T00:19:16.986Z"}}, {"model": "auth.permission", "fields": {"name": "Can add log entry", "content_type": ["admin", "logentry"], "codename": "add_logentry"}}, {"model": "auth.permission", "fields": {"name": "Can change log entry", "content_type": ["admin", "logentry"], "codename": "change_logentry"}}, {"model": "auth.permission", "fields": {"name": "Can delete log entry", "content_type": ["admin", "logentry"], "codename": "delete_logentry"}}, {"model": "auth.permission", "fields": {"name": "Can view log entry", "content_type": ["admin", "logentry"], "codename": "view_logentry"}}, {"model": "auth.permission", "fields": {"name": "Can add permission", "content_type": ["auth", "permission"], "codename": "add_permission"}}, {"model": "auth.permission", "fields": {"name": "Can change permission", "content_type": ["auth", "permission"], "codename": "change_permission"}}, {"model": "auth.permission", "fields": {"name": "Can delete permission", "content_type": ["auth", "permission"], "codename": "delete_permission"}}, {"model": "auth.permission", "fields": {"name": "Can view permission", "content_type": ["auth", "permission"], "codename": "view_permission"}}, {"model": "auth.permission", "fields": {"name": "Can add group", "content_type": ["auth", "group"], "codename": "add_group"}}, {"model": "auth.permission", "fields": {"name": "Can change group", "content_type": ["auth", "group"], "codename": "change_group"}}, {"model": "auth.permission", "fields": {"name": "Can delete group", "content_type": ["auth", "group"], "codename": "delete_group"}}, {"model": "auth.permission", "fields": {"name": "Can view group", "content_type": ["auth", "group"], "codename": "view_group"}}, {"model": "auth.permission", "fields": {"name": "Can add user", "content_type": ["auth", "user"], "codename": "add_user"}}, {"model": "auth.permission", "fields": {"name": "Can change user", "content_type": ["auth", "user"], "codename": "change_user"}}, {"model": "auth.permission", "fields": {"name": "Can delete user", "content_type": ["auth", "user"], "codename": "delete_user"}}, {"model": "auth.permission", "fields": {"name": "Can view user", "content_type": ["auth", "user"], "codename": "view_user"}}, {"model": "auth.permission", "fields": {"name": "Can add content type", "content_type": ["contenttypes", "contenttype"], "codename": "add_contenttype"}}, {"model": "auth.permission", "fields": {"name": "Can change content type", "content_type": ["contenttypes", "contenttype"], "codename": "change_contenttype"}}, {"model": "auth.permission", "fields": {"name": "Can delete content type", "content_type": ["contenttypes", "contenttype"], "codename": "delete_contenttype"}}, {"model": "auth.permission", "fields": {"name": "Can view content type", "content_type": ["contenttypes", "contenttype"], "codename": "view_contenttype"}}, {"model": "auth.permission", "fields": {"name": "Can add session", "content_type": ["sessions", "session"], "codename": "add_session"}}, {"model": "auth.permission", "fields": {"name": "Can change session", "content_type": ["sessions", "session"], "codename": "change_session"}}, {"model": "auth.permission", "fields": {"name": "Can delete session", "content_type": ["sessions", "session"], "codename": "delete_session"}}, {"model": "auth.permission", "fields": {"name": "Can view session", "content_type": ["sessions", "session"], "codename": "view_session"}}, {"model": "auth.permission", "fields": {"name": "Can add brand", "content_type": ["cars", "brand"], "codename": "add_brand"}}, {"model": "auth.permission", "fields": {"name": "Can change brand", "content_type": ["cars", "brand"], "codename": "change_brand"}}, {"model": "auth.permission", "fields": {"name": "Can delete brand", "content_type": ["cars", "brand"], "codename": "delete_brand"}}, {"model": "auth.permission", "fields": {"name": "Can view brand", "content_type": ["cars", "brand"], "codename": "view_brand"}}, {"model": "auth.permission", "fields": {"name": "Can add car", "content_type": ["cars", "car"], "codename": "add_car"}}, {"model": "auth.permission", "fields": {"name": "Can change car", "content_type": ["cars", "car"], "codename": "change_car"}}, {"model": "auth.permission", "fields": {"name": "Can delete car", "content_type": ["cars", "car"], "codename": "delete_car"}}, {"model": "auth.permission", "fields": {"name": "Can view car", "content_type": ["cars", "car"], "codename": "view_car"}}, {"model": "auth.permission", "fields": {"name": "Can add car inventory", "content_type": ["cars", "carinventory"], "codename": "add_carinventory"}}, {"model": "auth.permission", "fields": {"name": "Can change car inventory", "content_type": ["cars", "carinventory"], "codename": "change_carinventory"}}, {"model": "auth.permission", "fields": {"name": "Can delete car inventory", "content_type": ["cars", "carinventory"], "codename": "delete_carinventory"}}, {"model": "auth.permission", "fields": {"name": "Can view car inventory", "content_type": ["cars", "carinventory"], "codename": "view_carinventory"}}, {"model": "auth.user", "fields": {"password": "pbkdf2_sha256$600000$iyQGt92Mogrqw64nNqE6nZ$CAl6oGQ2Lt0mCMXEw4VXCdRbvyTsdFXB3aRBqzFmpu8=", "last_login": "2023-11-02T18:07:17.699Z", "is_superuser": true, "username": "admin", "first_name": "", "last_name": "", "email": "eudesmorais74@gmail.com", "is_staff": true, "is_active": true, "date_joined": "2023-09-30T21:09:18.607Z", "groups": [], "user_permissions": []}}, {"model": "auth.user", "fields": {"password": "pbkdf2_sha256$600000$3hmYGClUTWCMS2chK9U4rD$5CeFVaUZyjCmT9srkiXyavUwROqjnntdxBgeTb/wlG0=", "last_login": "2023-11-03T01:36:08.007Z", "is_superuser": false, "username": "eudes", "first_name": "", "last_name": "", "email": "", "is_staff": false, "is_active": true, "date_joined": "2023-10-07T00:06:37.655Z", "groups": [], "user_permissions": []}}, {"model": "admin.logentry", "pk": 1, "fields": {"action_time": "2023-09-30T21:10:02.039Z", "user": ["admin"], "content_type": ["cars", "brand"], "object_id": "1", "object_repr": "FIAT", "action_flag": 1, "change_message": "[{\"added\": {}}]"}}, {"model": "admin.logentry", "pk": 2, "fields": {"action_time": "2023-09-30T21:10:13.883Z", "user": ["admin"], "content_type": ["cars", "brand"], "object_id": "2", "object_repr": "VOLVO", "action_flag": 1, "change_message": "[{\"added\": {}}]"}}, {"model": "admin.logentry", "pk": 3, "fields": {"action_time": "2023-09-30T21:10:23.743Z", "user": ["admin"], "content_type": ["cars", "brand"], "object_id": "3", "object_repr": "VW", "action_flag": 1, "change_message": "[{\"added\": {}}]"}}, {"model": "admin.logentry", "pk": 4, "fields": {"action_time": "2023-09-30T21:10:31.556Z", "user": ["admin"], "content_type": ["cars", "brand"], "object_id": "4", "object_repr": "HONDA", "action_flag": 1, "change_message": "[{\"added\": {}}]"}}, {"model": "admin.logentry", "pk": 5, "fields": {"action_time": "2023-09-30T21:11:06.078Z", "user": ["admin"], "content_type": ["cars", "car"], "object_id": "1", "object_repr": "HRV", "action_flag": 1, "change_message": "[{\"added\": {}}]"}}, {"model": "admin.logentry", "pk": 6, "fields": {"action_time": "2023-09-30T21:13:48.281Z", "user": ["admin"], "content_type": ["cars", "car"], "object_id": "1", "object_repr": "HRV", "action_flag": 2, "change_message": "[{\"changed\": {\"fields\": [\"Photo\"]}}]"}}, {"model": "admin.logentry", "pk": 7, "fields": {"action_time": "2023-09-30T21:13:56.502Z", "user": ["admin"], "content_type": ["cars", "car"], "object_id": "1", "object_repr": "HRV", "action_flag": 2, "change_message": "[{\"changed\": {\"fields\": [\"Photo\"]}}]"}}, {"model": "admin.logentry", "pk": 8, "fields": {"action_time": "2023-10-01T01:21:45.547Z", "user": ["admin"], "content_type": ["cars", "car"], "object_id": "2", "object_repr": "EX30", "action_flag": 1, "change_message": "[{\"added\": {}}]"}}, {"model": "admin.logentry", "pk": 9, "fields": {"action_time": "2023-10-01T01:22:13.990Z", "user": ["admin"], "content_type": ["cars", "car"], "object_id": "3", "object_repr": "XC60", "action_flag": 1, "change_message": "[{\"added\": {}}]"}}, {"model": "admin.logentry", "pk": 10, "fields": {"action_time": "2023-10-01T02:11:22.124Z", "user": ["admin"], "content_type": ["cars", "brand"], "object_id": "5", "object_repr": "HYUNDAI", "action_flag": 1, "change_message": "[{\"added\": {}}]"}}, {"model": "admin.logentry", "pk": 11, "fields": {"action_time": "2023-10-01T02:13:57.603Z", "user": ["admin"], "content_type": ["cars", "car"], "object_id": "4", "object_repr": "CRETA - HYU4D21 - HYUNDAI", "action_flag": 1, "change_message": "[{\"added\": {}}]"}}, {"model": "admin.logentry", "pk": 12, "fields": {"action_time": "2023-10-02T12:46:11.421Z", "user": ["admin"], "content_type": ["cars", "brand"], "object_id": "6", "object_repr": "MERCEDES BENZ", "action_flag": 1, "change_message": "[{\"added\": {}}]"}}, {"model": "admin.logentry", "pk": 13, "fields": {"action_time": "2023-10-02T14:22:35.893Z", "user": ["admin"], "content_type": ["cars", "car"], "object_id": "10", "object_repr": "CLA 200 -  - MERCEDES BENZ", "action_flag": 3, "change_message": ""}}, {"model": "admin.logentry", "pk": 14, "fields": {"action_time": "2023-10-02T14:22:36.015Z", "user": ["admin"], "content_type": ["cars", "car"], "object_id": "9", "object_repr": "CLA 200 -  - MERCEDES BENZ", "action_flag": 3, "change_message": ""}}, {"model": "admin.logentry", "pk": 15, "fields": {"action_time": "2023-10-02T14:22:36.144Z", "user": ["admin"], "content_type": ["cars", "car"], "object_id": "8", "object_repr": "CLA 200 -  - MERCEDES BENZ", "action_flag": 3, "change_message": ""}}, {"model": "admin.logentry", "pk": 16, "fields": {"action_time": "2023-10-02T14:22:54.835Z", "user": ["admin"], "content_type": ["cars", "car"], "object_id": "11", "object_repr": "CLA 200 - None - MERCEDES BENZ", "action_flag": 1, "change_message": "[{\"added\": {}}]"}}, {"model": "admin.logentry", "pk": 17, "fields": {"action_time": "2023-10-02T14:24:58.755Z", "user": ["admin"], "content_type": ["cars", "car"], "object_id": "13", "object_repr": "CLA 200 - - - MERCEDES BENZ", "action_flag": 3, "change_message": ""}}, {"model": "admin.logentry", "pk": 18, "fields": {"action_time": "2023-10-02T14:24:58.872Z", "user": ["admin"], "content_type": ["cars", "car"], "object_id": "12", "object_repr": "CLA 200 -  - MERCEDES BENZ", "action_flag": 3, "change_message": ""}}, {"model": "admin.logentry", "pk": 19, "fields": {"action_time": "2023-10-02T14:24:58.997Z", "user": ["admin"], "content_type": ["cars", "car"], "object_id": "11", "object_repr": "CLA 200 - None - MERCEDES BENZ", "action_flag": 3, "change_message": ""}}, {"model": "admin.logentry", "pk": 20, "fields": {"action_time": "2023-10-02T14:33:37.068Z", "user": ["admin"], "content_type": ["cars", "car"], "object_id": "17", "object_repr": "CLA 200 - - - MERCEDES BENZ", "action_flag": 3, "change_message": ""}}, {"model": "admin.logentry", "pk": 21, "fields": {"action_time": "2023-10-02T14:33:37.204Z", "user": ["admin"], "content_type": ["cars", "car"], "object_id": "16", "object_repr": "CLA 200 - - - MERCEDES BENZ", "action_flag": 3, "change_message": ""}}, {"model": "admin.logentry", "pk": 22, "fields": {"action_time": "2023-10-02T14:33:37.309Z", "user": ["admin"], "content_type": ["cars", "car"], "object_id": "15", "object_repr": "CLA 200 - - - MERCEDES BENZ", "action_flag": 3, "change_message": ""}}, {"model": "admin.logentry", "pk": 23, "fields": {"action_time": "2023-10-02T14:33:37.418Z", "user": ["admin"], "content_type": ["cars", "car"], "object_id": "14", "object_repr": "CLA 200 - - - MERCEDES BENZ", "action_flag": 3, "change_message": ""}}, {"model": "admin.logentry", "pk": 24, "fields": {"action_time": "2023-10-02T14:35:16.607Z", "user": ["admin"], "content_type": ["cars", "car"], "object_id": "18", "object_repr": "CLA 200 - - - MERCEDES BENZ", "action_flag": 3, "change_message": ""}}, {"model": "admin.logentry", "pk": 25, "fields": {"action_time": "2023-10-02T14:44:29.161Z", "user": ["admin"], "content_type": ["cars", "car"], "object_id": "19", "object_repr": "CLA 200 - - - MERCEDES BENZ", "action_flag": 3, "change_message": ""}}, {"model": "admin.logentry", "pk": 26, "fields": {"action_time": "2023-10-02T15:00:36.186Z", "user": ["admin"], "content_type": ["cars", "car"], "object_id": "21", "object_repr": "CLA 200 - None - MERCEDES BENZ", "action_flag": 1, "change_message": "[{\"added\": {}}]"}}, {"model": "admin.logentry", "pk": 27, "fields": {"action_time": "2023-10-02T15:03:18.676Z", "user": ["admin"], "content_type": ["cars", "car"], "object_id": "21", "object_repr": "CLA 200 - None - MERCEDES BENZ", "action_flag": 3, "change_message": ""}}, {"model": "admin.logentry", "pk": 28, "fields": {"action_time": "2023-10-02T15:03:18.791Z", "user": ["admin"], "content_type": ["cars", "car"], "object_id": "20", "object_repr": "CLA 200 - - - MERCEDES BENZ", "action_flag": 3, "change_message": ""}}, {"model": "admin.logentry", "pk": 29, "fields": {"action_time": "2023-10-03T02:19:40.082Z", "user": ["admin"], "content_type": ["cars", "car"], "object_id": "26", "object_repr": "CRV - RHT4A54 - HONDA", "action_flag": 3, "change_message": ""}}, {"model": "admin.logentry", "pk": 30, "fields": {"action_time": "2023-10-03T02:19:40.191Z", "user": ["admin"], "content_type": ["cars", "car"], "object_id": "25", "object_repr": "JETTA - None - VW", "action_flag": 3, "change_message": ""}}, {"model": "admin.logentry", "pk": 31, "fields": {"action_time": "2023-10-03T02:19:40.294Z", "user": ["admin"], "content_type": ["cars", "car"], "object_id": "24", "object_repr": "VIRTUS - None - VW", "action_flag": 3, "change_message": ""}}, {"model": "admin.logentry", "pk": 32, "fields": {"action_time": "2023-10-03T02:19:40.400Z", "user": ["admin"], "content_type": ["cars", "car"], "object_id": "23", "object_repr": "C40 Charger - - - VOLVO", "action_flag": 3, "change_message": ""}}, {"model": "admin.logentry", "pk": 33, "fields": {"action_time": "2023-10-09T03:15:12.538Z", "user": ["admin"], "content_type": ["cars", "car"], "object_id": "30", "object_repr": "ID 4 - RHT4A54 - VW", "action_flag": 3, "change_message": ""}}, {"model": "admin.logentry", "pk": 34, "fields": {"action_time": "2023-10-20T03:04:20.787Z", "user": ["admin"], "content_type": ["auth", "user"], "object_id": "2", "object_repr": "eudes", "action_flag": 2, "change_message": "[{\"changed\": {\"fields\": [\"password\"]}}]"}}, {"model": "admin.logentry", "pk": 35, "fields": {"action_time": "2023-10-20T03:05:51.951Z", "user": ["admin"], "content_type": ["auth", "user"], "object_id": "3", "object_repr": "morais", "action_flag": 3, "change_message": ""}}, {"model": "admin.logentry", "pk": 36, "fields": {"action_time": "2023-10-31T02:49:15.911Z", "user": ["admin"], "content_type": ["cars", "brand"], "object_id": "7", "object_repr": "GM", "action_flag": 1, "change_message": "[{\"added\": {}}]"}}, {"model": "admin.logentry", "pk": 37, "fields": {"action_time": "2023-10-31T04:40:42.984Z", "user": ["admin"], "content_type": ["cars", "brand"], "object_id": "8", "object_repr": "RENAULT", "action_flag": 1, "change_message": "[{\"added\": {}}]"}}, {"model": "admin.logentry", "pk": 38, "fields": {"action_time": "2023-11-02T18:07:48.259Z", "user": ["admin"], "content_type": ["cars", "brand"], "object_id": "9", "object_repr": "ASTON MARTIN", "action_flag": 1, "change_message": "[{\"added\": {}}]"}}, {"model": "admin.logentry", "pk": 39, "fields": {"action_time": "2023-11-03T00:09:21.888Z", "user": ["admin"], "content_type": ["cars", "brand"], "object_id": "10", "object_repr": "BMW", "action_flag": 1, "change_message": "[{\"added\": {}}]"}}, {"model": "admin.logentry", "pk": 40, "fields": {"action_time": "2023-11-03T00:16:26.179Z", "user": ["admin"], "content_type": ["cars", "brand"], "object_id": "11", "object_repr": "AUDI", "action_flag": 1, "change_message": "[{\"added\": {}}]"}}]